Island_Name,RasterAddress_1km,DepthBin_5m,Depth_m_mn,Longitude_mn,Latitude_mn,Longitude_ras,Latitude_ras,AreaSurveyed_m2_sum,PercentLiveCoralCover_mean,PercentLiveCoralCover_sd,PercentLiveCoralCover_N,PctCoralUnbleached_mean,PctCoralUnbleached_sd,PctCoralUnbleached_N,PctCoralPartialBleached_mean,PctCoralPartialBleached_sd,PctCoralPartialBleached_N,PctCoralFullyBleached_mean,PctCoralFullyBleached_sd,PctCoralFullyBleached_N,PctAffected_mean,PctAffected_sd,PctAffected_N,DHW.MeanMax_Degree_Heating_Weeks_MO03,DHW.MeanMax_Degree_Heating_Weeks_YR10YR01,mean_PAR_MODIS_Daily_MO03,mean_kdPAR_VIIRS_Weekly_MO03,mean_weekly_range_SST_CRW_Daily_ALLB4,Prop_BleachResTaxa,OTP_MHI_OSDS_TotalEffluent,LBSP_AgGolf_runoff_01_sc,LBSP_Urban_runoff_01_sc,WaveEnergy_MN1979.2012,TourRec_DirectHuman_10yrAvgPUD,Depth_m_mn_sc,Correlation_Weight
Hawaii,42524,"(5,10]",9.121278932,-155.9327465,19.85772887,-155.9326005,19.85840897,13316.7,21.25,3.061862178,7,69.38030407,6.845887337,7,15.07741711,4.71487928,7,15.54227882,3.532015133,7,30.62,6.846468676,7,11.31999969,0,48.33153103,0.070817895,2.484339768,0.00290917,734.8121514,-0.042280939,-0.59440791,2274.605922,20.60000038,0.312018509,0.251060702
Hawaii,39245,"(5,10]",9.23787675,-155.8331046,19.98408187,-155.8334465,19.98421862,12345.5,12.5,3.952847075,6,38.29559293,15.55532072,6,26.41835335,14.53139492,6,35.28605372,3.604297489,6,61.705,15.5567397,6,11.03812502,0,48.85796842,0.065641568,2.503412074,5.886675956,2800.591425,0.253118575,-0.226108265,164.2558852,83.20000458,0.345823031,0.102294759
Hawaii,35714,"(5,10]",7.899850007,-155.8881792,20.11946008,-155.8875305,20.11923185,12743.1,37.91666667,11.33762174,6,50.83333333,9.442810316,6,32.5,5.477225575,6,16.66666667,5.400617249,6,49.16666667,9.442810316,6,8.5,0,48.81088946,0.053192223,2.509811329,8.677868826,26.25207573,-1.005664342,-0.631171376,171.2088266,1.400000095,-0.042103222,0.168527471
Hawaii,36892,"(5,10]",9.20428596,-155.8605152,20.07433401,-155.8604885,20.07293585,11824.4,32.5,5,5,37.5,6.373774392,5,33.5,4.183300133,5,29,5.477225575,5,62.5,6.373774392,5,10.67000008,0,48.45251189,0.055998667,2.522830315,6.460844503,8296.604242,-1.003241743,-0.455064248,173.4235325,3.599999905,0.33608425,0.227921167
Hawaii,36185,"(5,10]",9.20270858,-155.8807294,20.10140965,-155.8785165,20.10172311,11037.2,33.5,4.183300133,5,53.4,2.32916294,5,41,2.850438563,5,5.6,1.781852968,5,46.6,2.32916294,5,8.5,0,48.81088946,0.054001111,2.509811329,8.994191336,0,-1.005668654,-0.631515618,171.8117678,1.700000048,0.33562693,0.62370823
Hawaii,36420,"(5,10]",9.144500245,-155.8770398,20.09238444,-155.8785165,20.09508241,8372.1,23.125,3.145764348,4,50,4.564354646,4,40.625,2.393567769,4,9.375,2.393567769,4,50,4.564354646,4,10.67000008,0,48.81088946,0.055998667,2.522830315,2.992942643,0,-1.005541807,-0.622651919,174.5000031,1.399999976,0.318750928,0.284673446
Hawaii,39713,"(10,15]",10.0584,-155.8488447,19.96603144,-155.8514745,19.97000903,60,NA,NA,4,37.52729885,15.63608142,4,25.2742474,8.159655289,4,37.19845375,7.961834162,4,62.4725,15.63573978,4,11.03812502,0,51.32996907,0.066862642,2.503412074,0.801702915,18645.63283,-0.222450367,0.312068009,165.3000028,57.75008331,0.583712529,0.083101317
Hawaii,35243,"(5,10]",9.758097323,-155.8942064,20.13751051,-155.8965445,20.13703642,7780.7,25,7.359800722,4,57.625,7.051890999,4,36.25,3.227486122,4,6.125,4.25,4,42.375,7.051890999,4,8.5,0,48.51433784,0.050994445,2.509811329,4.289357764,68.90472339,-1.005669903,-0.631615287,171.2676501,1.399999976,0.496647533,0.184255622
Hawaii,40181,"(5,10]",7.487041101,-155.8681533,19.94798101,-155.8695025,19.95084594,8087.9,34.16666667,11.27312438,4,42.46416088,18.20881872,4,34.06409452,15.39227243,4,23.47174461,6.129198841,4,57.535,18.20727602,4,11.38000011,0,48.92730374,0.065427725,2.492264298,0.403035651,2018.065519,0.219654214,-0.263427048,160.1941204,105.9000015,-0.161786489,0.071364358
Hawaii,41352,"(5,10]",8.875287121,-155.9065496,19.90285494,-155.9055585,19.90156483,8281.8,34.375,4.732423622,4,58.75,1.443375673,4,15.625,1.25,4,25.625,1.25,4,41.25,1.443375673,4,11.31999969,0,47.62348152,0.067407353,2.498490711,0.109956208,77.9714776,-0.347377332,-0.522067645,1568.691205,5.300000191,0.240699545,0.900216478
Hawaii,35949,"(5,10]",8.938279741,-155.8848829,20.11043486,-155.8875305,20.11250118,7440.2,38.75,4.330127019,4,50.625,11.25,4,31.25,9.242113755,4,18.125,5.543389457,4,49.375,11.25,4,8.5,0,48.81088946,0.054001111,2.509811329,9.905156241,0,-1.005683337,-0.632687608,172.4941207,1.5,0.258962626,0.115497828
Hawaii,44391,"(5,10]",8.650451048,-156.0474906,19.78552716,-156.0497825,19.78386454,7166.2,20.83333333,14.43375673,4,49.63307286,8.92777737,4,10.74446892,2.526579218,4,39.62245822,7.398433472,4,50.3675,8.92787162,4,11.51000023,0,48.85306713,0.066661653,2.477170045,0.151973908,56.79404553,0.042037079,-0.191922633,6199.197164,20,0.175514139,0.14553867
Hawaii,44392,"(5,10]",6.601475574,-156.0414477,19.78552716,-156.0407685,19.78762153,10689.3,10.375,6.872347973,4,38.125,15.18977178,4,8.125,2.393567769,4,53.75,17.01714821,4,61.875,15.18977178,4,11.51000023,0,47.36039187,0.0659177,2.477547412,0.15818122,84.88264465,0.562557146,-0.011646698,6199.255988,20,-0.418533314,0.085541151
Hawaii,44861,"(5,10]",8.733811707,-156.050697,19.76747673,-156.0497825,19.76799413,8372.4,14.5,11.44552314,4,57.5,4.564354646,4,17.5,3.535533906,4,25,7.071067812,4,42.5,4.564354646,4,11.64000034,0,47.48799817,0.0659177,2.485094394,0.288377422,7.484867263,1.091208614,0.769473575,6515.558934,4.673598015,0.199682407,0.284673446
Hawaii,45096,"(10,15]",10.50873799,-156.0511061,19.75845152,-156.0497825,19.75683198,9098,17.125,10.43531664,4,39.375,5.153882032,4,33.125,6.884463184,4,27.5,3.535533906,4,60.625,5.153882032,4,11.64000034,0,47.48799817,0.066370737,2.485094394,2.533532656,0,1.141086327,0.851020215,3851.5883,3.700000048,0.714276384,0.252111041
Hawaii,47448,"(10,15]",12.192,-156.0301452,19.66819938,-156.0317545,19.67109888,60,NA,NA,4,47.08756731,13.12050247,4,33.61735821,7.286076635,4,24.47007448,6.605432493,4,58.0875,11.92143553,4,11.92800007,0,50.52511846,0.067283334,2.477622727,5.016997447,1878.978944,-0.584953658,0.147034835,6288.188342,42.40000153,1.202294675,0.108992794
Hawaii,36656,"(5,10]",9.45525832,-155.869607,20.08335922,-155.8695025,20.08407159,8501.3,40,4.330127019,3,47.5,6.614378278,3,35.83333333,8.036375634,3,16.66666667,2.886751346,3,52.5,6.614378278,3,10.67000008,0,48.57293881,0.055998667,2.522830315,9.531572833,284.1472387,-1.004498766,-0.546497222,173.6941207,1.799999952,0.408847196,0.170124923
Hawaii,37128,"(10,15]",10.73813666,-155.8524743,20.06530879,-155.8514745,20.06340483,6153.6,25.83333333,1.443375673,3,40.83333333,3.818813079,3,20.83333333,3.818813079,3,38.33333333,1.443375673,3,59.16666667,3.818813079,3,10.67000008,0,48.45251189,0.055998667,2.522830315,0.829566276,20407.85198,-1.002568581,-0.406404225,175.1235325,3.568169474,0.780784596,0.294665011
Hawaii,37363,"(5,10]",8.326454764,-155.8483245,20.05628358,-155.8514745,20.05960791,4291.2,32.5,0,3,25.19320364,6.286087891,3,31.36599705,8.948898114,3,43.44079931,2.70061482,3,74.80666667,6.285867747,3,10.02000014,0,49.98111204,0.062982741,2.508930926,0.868224768,17123.37534,-1.003184604,-0.441417129,83.61470717,2.900000095,0.081579795,0.179015952
Hawaii,39010,"(5,10]",8.804000234,-155.8299545,19.99310708,-155.8334465,19.99088813,7586.8,12.16666667,9.438396757,3,46.66666667,5.773502692,3,21.66666667,2.886751346,3,31.66666667,7.637626158,3,53.33333333,5.773502692,3,11.03812502,0,48.09132766,0.062103555,2.506741481,0.281870025,3237.068514,0.288491289,-0.565114008,168.9323559,86.70000458,0.220031755,0.194902585
Hawaii,41587,"(5,10]",8.5344,-155.9086764,19.89382973,-155.9055585,19.89387191,2290.4,15,NA,3,50.34938366,11.57895812,3,25.71344642,6.360251721,3,23.93716992,5.666430746,3,49.65,11.57790568,3,11.31999969,0,49.42712976,0.069187019,2.484339768,0.675070517,226.353714,-0.248522908,-0.48376397,1889.350034,6.099999905,0.141868139,0.097191204
Hawaii,42755,"(5,10]",9.345705168,-155.9673818,19.84870366,-155.9686565,19.85123248,7044.7,43.33333333,11.81453907,3,58.33333333,8.779711461,3,15,4.330127019,3,26.66666667,5.773502692,3,41.66666667,8.779711461,3,11.31999969,0,48.19286486,0.068819379,2.480188658,0.243305152,384.3313292,1.046287419,-0.479675575,4642.855961,4.698526187,0.377085092,0.12816715
Hawaii,44158,"(5,10]",5.930238236,-156.0321892,19.79455237,-156.0317545,19.79391276,3175.7,22.5,10.60660172,3,56.5754341,1.371211897,3,19.74310998,2.12633541,3,23.68145592,2.283785333,3,43.42333333,1.372090862,3,11.51000023,0,49.56394475,0.068050658,2.477170045,0.19859335,0,0.169841086,-0.470788109,6063.11775,18.10000038,-0.613141222,0.820113761
Hawaii,44626,"(5,10]",7.355262483,-156.0510073,19.77650195,-156.0497825,19.77396468,6122.6,51.66666667,2.886751346,3,55,2.5,3,23.33333333,1.443375673,3,21.66666667,2.886751346,3,45,2.5,3,11.64000034,0,47.48799817,0.0659177,2.485094394,0.219515808,62.82676855,0.795095347,0.430845125,6199.435399,3.600000143,-0.199992292,0.450108239
Hawaii,45096,"(5,10]",8.524131374,-156.0513388,19.75845152,-156.0497825,19.76051535,6153.1,25.83333333,6.291528696,3,57.5,11.45643924,3,16.66666667,7.216878365,3,25.83333333,7.637626158,3,42.5,11.45643924,3,11.64000034,0,47.48799817,0.066370737,2.485094394,3.166549405,0,1.141086327,0.851020215,3851.5883,3.700000048,0.138891016,0.09822167
Hawaii,45331,"(5,10]",9.721426492,-156.0519878,19.7494263,-156.0497825,19.75154518,5867.9,25.83333333,18.08544535,3,43.33333333,3.818813079,3,35,5,3,21.66666667,8.779711461,3,56.66666667,3.818813079,3,11.64000034,0,47.24406739,0.066370737,2.484528344,0.903525809,0,1.173689996,0.875727741,4839.132435,8.5,0.486015774,0.294665011
Hawaii,48392,"(10,15]",10.9728,-155.993,19.63209852,-155.9956985,19.6312,30,NA,NA,3,33.63333333,18.59955197,3,28.66666667,12.10798635,3,39.5,10.44557323,3,68.16666667,19.59855437,3,12.57999992,0,49.22377998,0.068641667,2.501320821,4.802283116,41933.13906,-0.073748993,0.319677142,194.4411799,378.8999939,0.848819163,0.057416
Hawaii,50040,"(10,15]",12.192,-155.96935,19.56892202,-155.9686565,19.56838,30,NA,NA,3,54.86666667,4.31895049,3,23.23333333,5.853488988,3,22.9,0.953939201,3,46.13333333,4.916638418,3,12.72000027,0,49.16075916,0.068183334,2.503584952,3.087943431,4282.876878,4.196628483,1.222156214,3748.9383,112.3999939,1.202294675,0.228869911
Hawaii,52394,"(5,10]",7.9248,-155.93278,19.47866988,-155.9326005,19.4793,30,NA,NA,3,50.8,4.497777229,3,27,8.15046011,3,23.8,6.274551777,3,50.8,5.335728629,3,12.77999973,0,49.21433322,0.064511111,2.50622645,5.073637645,947.7229163,1.802550917,0.344991515,54.76470694,34.20000076,-0.034869617,0.210893521
Hawaii,55218,"(10,15]",10.9728,-155.8974,19.37036732,-155.8965445,19.36915,30,NA,NA,3,49.16666667,5.78734251,3,29.83333333,3.75410886,3,21.03333333,9.089737803,3,50.86666667,5.762233363,3,13.85000038,0,44.48502707,0.064290909,2.519056356,11.02557632,530.6323112,-0.336821047,-0.286745949,9614.806047,7.900000095,0.848819163,0.19528376
Hawaii,35008,"(10,15]",10.63696681,-155.8970824,20.14653572,-155.8965445,20.14492797,2210.4,17.5,NA,2,60.195,0.275771645,2,20.48,13.46331311,2,19.325,13.18754147,2,39.805,0.275771645,2,8.5,0,48.51433784,0.050994445,2.509811329,8.821201164,56.5884285,-1.005668316,-0.63148863,169.3088266,1.700000048,0.751453015,1
Hawaii,36656,"(10,15]",10.55859014,-155.8686117,20.08335922,-155.8695025,20.08233267,5071,37.5,10.60660172,2,41.25,1.767766953,2,40,3.535533906,2,18.75,5.303300859,2,58.75,1.767766953,2,10.67000008,0,48.57293881,0.055998667,2.522830315,2.55196457,2227.752633,-1.004421784,-0.540804332,173.6941207,1.799999952,0.728729727,0.519740226
Hawaii,36892,"(10,15]",14.0208,-155.86452,20.07433401,-155.8604885,20.07392,20,NA,NA,2,48.7,3.959797975,2,19.35,2.333452378,2,32.35,6.293250353,2,51.7,3.959797975,2,10.67000008,0,51.8785167,0.060727556,2.518868032,9.150836682,2555.260594,-1.003499166,-0.474021744,173.4235325,0.899999976,1.732507943,0.232026887
Hawaii,37128,"(5,10]",8.758248058,-155.8535153,20.06530879,-155.8514745,20.06461055,4346,26.25,1.767766953,2,41.25,1.767766953,2,17.5,3.535533906,2,41.25,5.303300859,2,58.75,1.767766953,2,10.67000008,0,48.45251189,0.055998667,2.522830315,5.27282999,20407.85198,-1.002444287,-0.397135632,172.8911796,2.889579925,0.206767095,0.519740226
Hawaii,35008,"(5,10]",9.70000112,-155.8968128,20.14653572,-155.8965445,20.14315724,3504.4,25,7.071067812,2,55,14.14213562,2,27.5,10.60660172,2,17.5,3.535533906,2,45,14.14213562,2,8.5,0,48.51433784,0.050994445,2.509811329,7.558426965,56.5884285,-1.005668316,-0.63148863,169.3088266,1.700000048,0.479804042,0.064967528
Hawaii,35243,"(10,15]",10.54645267,-155.8955352,20.13751051,-155.8965445,20.14025234,3240.9,18.75,12.37436867,2,53.75,1.767766953,2,33.75,1.767766953,2,12.5,3.535533906,2,46.25,1.767766953,2,8.5,0,48.51433784,0.050994445,2.509811329,1.335411674,68.90472339,-1.005705249,-0.634436623,171.2676501,1.399999976,0.72521078,0.519740226
Hawaii,39010,"(10,15]",10.11454946,-155.830058,19.99310708,-155.8334465,19.99594183,4892.8,17.5,7.071067812,2,46.25,1.767766953,2,20,0,2,33.75,1.767766953,2,53.75,1.767766953,2,11.03812502,0,48.09132766,0.062103555,2.506741481,0.281870025,3237.068514,0.288491289,-0.565114008,168.9323559,86.70000458,0.599991612,0.519740226
Hawaii,39947,"(10,15]",11.01933637,-155.862594,19.95700623,-155.8604885,19.95574662,5404.3,15,7.071067812,2,63.75,1.767766953,2,17.5,3.535533906,2,18.75,5.303300859,2,36.25,1.767766953,2,11.18999958,0,47.8323874,0.062731066,2.508490652,5.41891066,7950.769942,-0.378773252,-0.030417574,169.9088264,122.4000015,0.862311179,0.519740226
Hawaii,40180,"(10,15]",11.04286916,-155.8756391,19.94798101,-155.8785165,19.94452092,5628.7,12.5,3.535533906,2,57.5,17.67766953,2,26.25,12.37436867,2,16.25,5.303300859,2,42.5,17.67766953,2,11.38000011,0,47.75221523,0.063155392,2.495471846,0.383564077,659.4635011,0.312619929,-0.459095439,744.885307,31.70000076,0.869133903,0.051974023
Hawaii,41352,"(10,15]",10.16604126,-155.9046838,19.90285494,-155.9055585,19.90372347,4222.4,28.75,5.303300859,2,61.25,8.838834765,2,17.5,0,2,21.25,8.838834765,2,38.75,8.838834765,2,11.31999969,0,47.62348152,0.067407353,2.498490711,0.674565981,77.9714776,-0.250245428,-0.493382379,1568.691205,7.604556972,0.614920329,0.103948045
Hawaii,41586,"(10,15]",11.72490197,-155.910358,19.89382973,-155.9145725,19.89654798,4341.2,15,7.071067812,2,57.5,3.535533906,2,16.25,1.767766953,2,26.25,1.767766953,2,42.5,3.535533906,2,11.31999969,0,47.62348152,0.067407353,2.486981266,0.558348767,226.353714,-0.333081253,-0.516456234,1889.350034,6.099999905,1.06687168,0.259870113
Hawaii,41587,"(10,15]",12.61527065,-155.9096743,19.89382973,-155.9055585,19.89261693,2139.4,15,NA,2,57.98570309,0.686887897,2,19.72859188,6.687238761,2,22.28570503,7.374126665,2,42.015,0.685893578,2,11.31999969,0,50.55672789,0.069123259,2.483773753,1.182662229,226.353714,-0.283972715,-0.497469701,1889.350034,6.099999905,1.325011054,1
Hawaii,42290,"(5,10]",9.796054231,-155.9252644,19.86675409,-155.9235865,19.86586596,2431.2,15,NA,2,60.485,6.385174234,2,14.21,4.65276262,2,25.305,11.03793685,2,39.515,6.385174234,2,11.31999969,0,47.73934871,0.069780229,2.486981266,0.029159143,317.7763993,-0.161733906,-0.505535027,2202.87945,14,0.507652157,0.143892643
Hawaii,42524,"(10,15]",11.93406571,-155.9344751,19.85772887,-155.9326005,19.85454609,2235.3,17.5,NA,2,47.89338504,10.05027127,2,25.32503149,3.99519784,2,26.78158348,6.055073426,2,52.105,10.04798736,2,11.31999969,0,50.00422759,0.071035531,2.483773753,0.002909023,734.8121514,-0.024954499,-0.602242945,2274.605922,9.199999809,1.127513299,0.091439167
Hawaii,42756,"(5,10]",8.891729745,-155.962524,19.84870366,-155.9596425,19.85298906,4316.1,57.5,0,2,63.75,5.303300859,2,15,0,2,21.25,5.303300859,2,36.25,5.303300859,2,11.31999969,0,48.19286486,0.068819379,2.480188658,0.204820324,65.62866362,1.071171046,-0.476070772,4333.900073,4.391917563,0.245466658,0.173246742
Hawaii,36420,"(10,15]",10.668,-155.87549,20.09238444,-155.8785165,20.09202,20,NA,NA,1,49.09,NA,1,14.55,NA,1,36.36,NA,1,50.91,NA,1,10.67000008,0,48.81088946,0.055998667,2.522830315,9.246331749,0,-1.005393844,-0.611430065,174.5000031,1.399999976,0.760450285,0.055967117
Hawaii,36891,"(5,10]",8.925269467,-155.8654489,20.07433401,-155.8695025,20.07741916,2605,52.5,NA,1,40,NA,1,35,NA,1,25,NA,1,60,NA,1,10.67000008,0,48.45251189,0.055998667,2.522830315,9.522792494,2555.260594,-1.003625588,-0.483468694,173.4235325,0.899999976,0.255190633,0.055967117
Hawaii,37127,"(5,10]",8.768640233,-155.8563365,20.06530879,-155.8604885,20.06831287,2076.5,25,NA,1,35,NA,1,32.5,NA,1,32.5,NA,1,65,NA,1,10.67000008,0,48.45251189,0.055998667,2.522830315,0.938053254,13078.01562,-1.002537386,-0.404137511,172.8911796,2.700000048,0.209780037,0.055967117
Hawaii,37363,"(10,15]",13.716,-155.8487678,20.05628358,-155.8514745,20.05939339,30,NA,NA,1,25.43151943,NA,1,39.37263923,NA,1,35.19584133,NA,1,74.57,NA,1,9.869999886,0,51.8785167,0.064775852,2.505220221,0.968647591,17123.37534,-1.003320277,-0.453940956,83.61470717,2.900000095,1.644139065,0.055967117
Hawaii,37364,"(5,10]",8.892650238,-155.8460193,20.05628358,-155.8424605,20.05752677,2181.8,30,NA,1,42.5,NA,1,20,NA,1,37.5,NA,1,57.5,NA,1,10.02000014,0,48.45251189,0.060577333,2.508930926,10.42856421,17123.37534,-1.00303756,-0.426044132,83.61470717,2.900000095,0.245733531,0.055967117
Hawaii,37599,"(5,10]",8.8392,-155.84073,20.04725837,-155.8424605,20.05033,20,NA,NA,1,36.88,NA,1,17.02,NA,1,46.1,NA,1,63.12,NA,1,10.69250003,0,48.45251189,0.060577333,2.510251678,8.432806349,7272.277694,-1.004433598,-0.486826212,78.77941301,11.10000038,0.230237017,0.055967117
Hawaii,37835,"(10,15]",13.716,-155.8371419,20.03823315,-155.8334465,20.03566884,30,NA,NA,1,16.52844232,NA,1,37.57398547,NA,1,45.89757221,NA,1,83.47,NA,1,10.69250003,0,51.06010503,0.064775852,2.510251678,8.804434231,3863.696098,-0.997384314,-0.57656927,169.9705912,9.699999809,1.644139065,0.055967117
Hawaii,37835,"(5,10]",6.096,-155.8366193,20.03823315,-155.8334465,20.03571024,30,NA,NA,1,8.573521059,NA,1,36.48372343,NA,1,54.94275551,NA,1,91.43,NA,1,10.69250003,0,51.06010503,0.064775852,2.510251678,9.191117648,3863.696098,-0.997384314,-0.57656927,169.9705912,9.699999809,-0.565082885,0.055967117
Hawaii,38305,"(10,15]",13.716,-155.8312052,20.02018272,-155.8334465,20.02040296,30,NA,NA,1,23.66495303,NA,1,48.50065055,NA,1,27.83439642,NA,1,76.34,NA,1,10.53999996,0,51.79425867,0.066125284,2.50657242,10.49707139,522.7809404,-0.718380468,-0.481242374,163.2941205,44.79999924,1.644139065,0.055967117
Hawaii,38305,"(5,10]",6.096,-155.8299388,20.02018272,-155.8334465,20.02049558,30,NA,NA,1,8.867117098,NA,1,39.90206144,NA,1,51.23082146,NA,1,91.13,NA,1,10.07833354,0,52.72612414,0.066863333,2.502342863,10.7294543,858.8978843,-0.667848687,-0.431401253,163.2941205,44.79999924,-0.565082885,0.055967117
Hawaii,38775,"(10,15]",13.716,-155.8309239,20.0021323,-155.8334465,19.99986654,30,NA,NA,1,50.52872566,NA,1,11.34567187,NA,1,38.12560247,NA,1,49.47,NA,1,10.07833354,0,52.96663984,0.066863333,2.500754818,1.129242713,1875.787352,0.235704954,-0.48465425,166.785297,95.70000458,1.644139065,0.055967117
Hawaii,38775,"(5,10]",6.096,-155.8289395,20.0021323,-155.8334465,20.00066668,30,NA,NA,1,44.32562879,NA,1,24.09248305,NA,1,31.58188816,NA,1,55.67,NA,1,10.07833354,0,52.96663984,0.066863333,2.500754818,0.699668847,3686.773013,0.296080549,-0.447024539,166.785297,95.70000458,-0.565082885,0.055967117
Hawaii,39245,"(10,15]",13.716,-155.8338009,19.98408187,-155.8334465,19.98668592,30,NA,NA,1,22.12907476,NA,1,47.27942114,NA,1,30.5915041,NA,1,77.87,NA,1,10.41208355,0,52.86191287,0.067498333,2.495963163,1.98537224,2800.591425,0.202662783,-0.235519772,164.2558852,83.20000458,1.644139065,0.055967117
Hawaii,39713,"(5,10]",6.096,-155.8487844,19.96603144,-155.8514745,19.96988347,30,NA,NA,1,16.05417529,NA,1,48.87853692,NA,1,35.06728778,NA,1,83.95,NA,1,11.03812502,0,51.68358637,0.066862642,2.499756401,0.801702915,18645.63283,-0.222450367,0.312068009,165.3000028,57.75008331,-0.565082885,0.055967117
Hawaii,39946,"(10,15]",13.716,-155.8663579,19.95700623,-155.8695025,19.95298522,30,NA,NA,1,9.135293627,NA,1,59.94862752,NA,1,30.91607886,NA,1,90.86,NA,1,11.18999958,0,51.43069424,0.066684252,2.501320821,0.776966379,3936.972609,-0.477751986,-0.255352694,169.9088264,91,1.644139065,0.055967117
Hawaii,39947,"(5,10]",8.085295294,-155.8647374,19.95700623,-155.8604885,19.95293604,2699.3,40,NA,1,55,NA,1,32.5,NA,1,12.5,NA,1,45,NA,1,11.18999958,0,47.8323874,0.062731066,2.508490652,0.708197524,3936.972609,-0.405475302,-0.122238993,169.9088264,122.4000015,0.011661843,0.055967117
Hawaii,40181,"(10,15]",13.76473809,-155.8724717,19.94798101,-155.8695025,19.9468605,3067.6,22.5,NA,1,62.5,NA,1,12.5,NA,1,25,NA,1,37.5,NA,1,11.38000011,0,47.8323874,0.063155392,2.495471846,2.408878452,1048.966478,0.282768351,-0.362060098,167.8441205,105.9000015,1.658269415,0.055967117
Hawaii,40414,"(10,15]",13.716,-155.8847849,19.9389558,-155.8875305,19.93513369,30,NA,NA,1,21.22490642,NA,1,42.01473804,NA,1,36.76035554,NA,1,78.78,NA,1,10.75,0,52.50122006,0.067426888,2.483019019,2.153794214,1173.27252,0.775349671,-0.524449512,1061.482372,125.6002616,1.644139065,0.055967117
Hawaii,40414,"(5,10]",6.096,-155.8842603,19.9389558,-155.8875305,19.93455534,30,NA,NA,1,29.24374235,NA,1,49.76213401,NA,1,20.99412364,NA,1,70.76,NA,1,10.75,0,52.50122006,0.067426888,2.483019019,1.576243021,1173.27252,0.775349671,-0.524449512,1061.482372,125.6002616,-0.565082885,0.055967117
Hawaii,40415,"(10,15]",11.50330032,-155.8786541,19.9389558,-155.8785165,19.94242233,2392.5,15,NA,1,55,NA,1,22.5,NA,1,22.5,NA,1,45,NA,1,11.38000011,0,47.75221523,0.063155392,2.495471846,1.385715281,1700.975633,1.144425941,-0.462759492,676.8529531,137.6999969,1.002624012,0.055967117
Hawaii,41118,"(10,15]",13.716,-155.9006093,19.91188016,-155.8965445,19.9140211,30,NA,NA,1,29.93256529,NA,1,39.45425393,NA,1,30.61318078,NA,1,70.07,NA,1,10.69999981,0,52.28213081,0.071092296,2.488302015,0.724219162,69.91529739,0.242643561,-0.480409327,1799.164739,26.90000153,1.644139065,0.055967117
Hawaii,41118,"(5,10]",6.096,-155.898741,19.91188016,-155.8965445,19.91363838,30,NA,NA,1,17.97801748,NA,1,47.27517627,NA,1,34.74680625,NA,1,82.02,NA,1,10.75,0,52.28213081,0.071092296,2.48528315,0.318777954,69.91529739,0.351163174,-0.469673359,1504.08238,26.90000153,-0.565082885,0.055967117
Hawaii,35478,"(5,10]",9.59093776,-155.892466,20.12848529,-155.8965445,20.1325657,2064.5,35,NA,1,57.5,NA,1,32.5,NA,1,10,NA,1,42.5,NA,1,8.5,0,48.51433784,0.053192223,2.509811329,7.48174161,28.29421425,-1.005659861,-0.630813757,171.2676501,1.299999952,0.448183941,0.055967117
Hawaii,42055,"(10,15]",13.716,-155.9220196,19.8757793,-155.9235865,19.87313644,30,NA,NA,1,51.0060696,NA,1,14.14528078,NA,1,34.84864963,NA,1,48.99,NA,1,11.31999969,0,50.6080871,0.071499655,2.47981147,0.030057066,0,-0.248346954,-0.483695951,1852.161797,3.299999952,1.644139065,0.055967117
Hawaii,42055,"(5,10]",6.096,-155.922528,19.8757793,-155.9235865,19.87344406,30,NA,NA,1,54.30129037,NA,1,16.50478801,NA,1,29.19392162,NA,1,45.7,NA,1,11.31999969,0,50.6080871,0.071499655,2.47981147,0.01811251,0,-0.248346954,-0.483695951,1852.161797,3.299999952,-0.565082885,0.055967117
Hawaii,42290,"(10,15]",10.9728,-155.92772,19.86675409,-155.9235865,19.86232,10.5,NA,NA,1,50.38,NA,1,30.08,NA,1,19.55,NA,1,49.62,NA,1,11.31999969,0,47.73934871,0.069780229,2.486981266,0.072598115,252.8883082,-0.241566473,-0.545982413,2202.87945,14,0.848819163,0.055967117
Hawaii,42521,"(10,15]",13.716,-155.9582648,19.85772887,-155.9596425,19.85339941,30,NA,NA,1,44.78797261,NA,1,36.15442349,NA,1,19.0576039,NA,1,55.21,NA,1,10.71000004,0,52.01189961,0.073191876,2.481886954,0.060251364,0,0.495275247,-0.559498911,4581.826548,3.299999952,1.644139065,0.055967117
Hawaii,42521,"(5,10]",6.096,-155.9584434,19.85772887,-155.9596425,19.85392772,30,NA,NA,1,59.66462166,NA,1,19.11943183,NA,1,21.21594652,NA,1,40.34,NA,1,10.71000004,0,52.23696019,0.073191876,2.481886954,0.060251364,0,0.495275247,-0.559498911,4581.826548,3.299999952,-0.565082885,0.055967117
Hawaii,42522,"(10,15]",10.3632,-155.94743,19.85772887,-155.9506285,19.85507,15.3,NA,NA,1,76.22,NA,1,12.94,NA,1,10.84,NA,1,23.78,NA,1,11.31999969,0,47.73934871,0.069780229,2.486981266,0.050146486,47.97248046,0.791983378,-0.516515773,3314.444175,1.399999976,0.672081407,0.055967117
Hawaii,42525,"(5,10]",9.922705187,-155.9279845,19.85772887,-155.9235865,19.8620498,2285.2,27.5,NA,1,72.5,NA,1,15,NA,1,12.5,NA,1,27.5,NA,1,11.31999969,0,47.73934871,0.069780229,2.486981266,0.002909562,780.3452586,-0.048815857,-0.562104094,2579.002987,20.60000038,0.544371327,0.055967117
Hawaii,42759,"(10,15]",10.40850029,-155.9355999,19.84870366,-155.9326005,19.85240845,1875.9,0,NA,1,100,NA,1,0,NA,1,0,NA,1,0,NA,1,11.38000011,0,47.73934871,0.069780229,2.478867909,0.326597006,744.4373203,0.705734382,-0.511351119,2735.879459,11.6409936,0.685215053,0.055967117
Hawaii,42989,"(10,15]",13.716,-155.9806157,19.83967844,-155.9776705,19.84373583,30,NA,NA,1,44.82741742,NA,1,24.04194942,NA,1,31.13063317,NA,1,55.17,NA,1,10.69999981,0,52.23696019,0.072351709,2.469245227,0.6822697,962.0032959,1.076499314,-0.475288827,5139.317734,36.20000076,1.644139065,0.055967117
Hawaii,42989,"(5,10]",6.096,-155.9809445,19.83967844,-155.9776705,19.84395342,30,NA,NA,1,62.05544053,NA,1,16.28364389,NA,1,21.66091557,NA,1,37.94,NA,1,10.69999981,0,52.23696019,0.072351709,2.469245227,0.54472964,962.0032959,1.076499314,-0.475288827,5139.317734,36.20000076,-0.565082885,0.055967117
Hawaii,43222,"(10,15]",13.716,-155.9976033,19.83065323,-155.9956985,19.83415037,30,NA,NA,1,52.3761354,NA,1,19.94682466,NA,1,27.67703994,NA,1,47.62,NA,1,11.31999969,0,51.42469301,0.072207732,2.472452775,0.156636328,84.81111947,0.443201814,-0.531600596,5161.547146,51.20000076,1.644139065,0.055967117
Hawaii,43222,"(5,10]",6.096,-155.9980364,19.83065323,-155.9956985,19.83444801,30,NA,NA,1,56.19168222,NA,1,10.98578786,NA,1,32.82252992,NA,1,43.81,NA,1,11.31999969,0,51.42469301,0.072207732,2.472452775,0.156636704,84.81111947,0.443201814,-0.531600596,5161.547146,51.20000076,-0.565082885,0.055967117
Hawaii,43691,"(10,15]",13.716,-156.0070387,19.8126028,-156.0047125,19.81315588,30,NA,NA,1,50.50710949,NA,1,20.64454012,NA,1,28.84835039,NA,1,49.49,NA,1,11.35000038,0,51.57438892,0.069511764,2.479999974,0.117719247,0,0.369517165,-0.478228036,5225.473617,43.79999924,1.644139065,0.055967117
Hawaii,43691,"(5,10]",6.096,-156.0076166,19.8126028,-156.0047125,19.81344681,30,NA,NA,1,55.53933313,NA,1,23.98360288,NA,1,20.47706399,NA,1,44.46,NA,1,11.35000038,0,51.57438892,0.069511764,2.479999974,0.872056416,0,0.369517165,-0.478228036,5526.603035,43.79999924,-0.565082885,0.055967117
Hawaii,44157,"(5,10]",7.626278884,-156.0368077,19.79455237,-156.0407685,19.79085447,2820.4,0.1,NA,1,5,NA,1,0,NA,1,95,NA,1,95,NA,1,11.51000023,0,47.85820701,0.067066795,2.477547412,0.36430112,24.08780791,0.094985821,-0.439765593,6066.485397,18.10000038,-0.121418095,0.055967117
Hawaii,44158,"(10,15]",13.716,-156.0277422,19.79455237,-156.0317545,19.79631848,30,NA,NA,1,39.01560624,NA,1,27.40696279,NA,1,33.57743097,NA,1,60.98,NA,1,10.89000034,0,52.23019577,0.06998037,2.46603793,0.954683633,0,0.326435916,-0.473559426,5766.43245,23.20000076,1.644139065,0.055967117
Hawaii,44391,"(10,15]",13.716,-156.0475293,19.78552716,-156.0497825,19.78396682,30,NA,NA,1,40.07029227,NA,1,26.39289678,NA,1,33.53681095,NA,1,59.93,NA,1,11.51000023,0,51.44107299,0.067767859,2.470000213,0.151973908,56.79404553,0.042037079,-0.191922633,6199.197164,20,1.644139065,0.055967117
Hawaii,44861,"(10,15]",10.02145929,-156.0504038,19.76747673,-156.0497825,19.76589198,2009.3,2.6,NA,1,40,NA,1,20,NA,1,40,NA,1,60,NA,1,11.64000034,0,47.48799817,0.0659177,2.485094394,0.288377422,7.484867263,1.091208614,0.769473575,6515.558934,4.673598015,0.573002525,0.055967117
Hawaii,36184,"(10,15]",11.03579341,-155.8840706,20.10140965,-155.8875305,20.10587233,2076.1,25,NA,1,48.5,NA,1,45,NA,1,6.5,NA,1,51.5,NA,1,8.5,0,48.81088946,0.054001111,2.509811329,9.87458029,0,-1.005829567,-0.644359743,172.4941207,1.200000048,0.867082472,0.055967117
Hawaii,45330,"(5,10]",9.485050255,-156.0546375,19.7494263,-156.0587965,19.74853696,1877.8,32.5,NA,1,37.5,NA,1,25,NA,1,37.5,NA,1,62.5,NA,1,11.64000034,0,47.24406739,0.066370737,2.484528344,0.861880903,0,1.144708461,0.853765128,4839.132435,8.5,0.417484597,0.055967117
Hawaii,45331,"(10,15]",11.29767244,-156.0519513,19.7494263,-156.0497825,19.75039263,1981,25,NA,1,30,NA,1,32.5,NA,1,37.5,NA,1,70,NA,1,11.64000034,0,47.24406739,0.066370737,2.484528344,0.903525809,0,1.173689996,0.875727741,4839.132435,8.5,0.943007527,0.055967117
Hawaii,45565,"(10,15]",11.5824,-156.05568,19.74040109,-156.0587965,19.74012,13.1,NA,NA,1,43.22,NA,1,20.6,NA,1,36.18,NA,1,56.78,NA,1,11.64000034,0,47.24406739,0.066370737,2.484528344,4.192981418,1402.603046,1.155819293,0.862185011,5392.405974,17.20000076,1.025556919,0.055967117
Hawaii,45566,"(5,10]",7.62,-156.05386,19.74040109,-156.0497825,19.73598,6.5,NA,NA,1,59.21,NA,1,21.05,NA,1,19.74,NA,1,40.79,NA,1,11.64000034,0,47.24406739,0.066370737,2.484528344,0.875799652,1402.603046,1.176128559,0.87757578,5392.405974,17.20000076,-0.123238495,0.055967117
Hawaii,45800,"(10,15]",10.668,-156.05896,19.73137588,-156.0587965,19.73266,4.8,NA,NA,1,59.65,NA,1,16.67,NA,1,23.68,NA,1,40.35,NA,1,11.64000034,0,47.24406739,0.066370737,2.484528344,1.607621786,1357.403633,1.170665552,0.873435756,6099.150103,20.60000038,0.760450285,0.055967117
Hawaii,47448,"(5,10]",6.096,-156.0303344,19.66819938,-156.0317545,19.67098346,30,NA,NA,1,38.88907248,NA,1,26.05878681,NA,1,35.05214071,NA,1,61.11,NA,1,11.92800007,0,50.90464319,0.068133334,2.478415162,5.016997447,1878.978944,-0.584953658,0.147034835,6288.188342,42.40000153,-0.565082885,0.055967117
Hawaii,50040,"(5,10]",6.096,-155.9693345,19.56892202,-155.9686565,19.56838343,30,NA,NA,1,38.30683023,NA,1,32.47554142,NA,1,29.21762835,NA,1,61.69,NA,1,13.32999992,0,48.43199986,0.06705,2.515283081,3.087943431,4282.876878,4.196628483,1.222156214,3748.9383,112.3999939,-0.565082885,0.055967117
Lanai,18690,"(5,10]",9.440918287,-156.8265244,20.76927549,-156.8249864,20.76991524,14351.2,45.71428571,14.19465023,7,80.35714286,6.593647737,7,8.642857143,3.771762251,7,11,3.366501646,7,19.64285714,6.593647737,7,8.300000191,0.600000024,48.04735968,0.056873264,2.514339627,0.868852914,0,-1.007493811,-0.756236412,29791.25627,1,0.404689674,0.260687149
Lanai,19620,"(5,10]",9.29519697,-156.9142006,20.73317463,-156.9151263,20.73633058,13714.8,18.92857143,3.493190655,7,52.5,11.18033989,7,18.92857143,5.372992427,7,28.57142857,6.591842,7,47.5,11.18033989,7,9.43999958,0.970000029,46.61457516,0.051436377,2.548113265,1.409177242,0,-0.492221101,-0.602080488,27040.0739,6.597659796,0.362441547,0.153741232
Lanai,16576,"(5,10]",8.721377281,-156.8169355,20.85050241,-156.8159724,20.8495576,10613.5,90,4.330127019,5,87.3,3.492849839,5,5.7,2.464751509,5,7,1.620185175,5,12.7,3.492849839,5,7.820000172,0,47.37291178,0.085883334,2.507547163,13.76468812,0,-0.889114904,-0.730760557,17432.0296,0.810571392,0.196077366,0.415911981
Lanai,19617,"(5,10]",9.120164177,-156.9427363,20.73317463,-156.9421683,20.73454304,12391,15,8.100925873,5,56.5,13.76135894,5,21,5.184110338,5,22.5,18.37117307,5,43.5,13.76135894,5,9.43999958,0.970000029,46.71706767,0.052066667,2.548113265,2.880799893,0,-0.422936498,-0.578533552,27074.17685,2.600000143,0.311695315,0.105565017
Lanai,16340,"(5,10]",7.661483153,-156.8246487,20.85952763,-156.8249864,20.85837013,6140.5,81.66666667,3.818813079,4,76.5025,22.677008,4,16.365,17.47129741,4,7.1325,5.534156816,4,23.4975,22.677008,4,7.820000172,0,47.37291178,0.085883334,2.507547163,13.84739116,0,-0.877749903,-0.726302111,17869.8943,0.800000012,-0.111211528,0.057298148
Lanai,19155,"(5,10]",9.010319912,-156.8678206,20.75122506,-156.8700564,20.74869714,7820.9,55.625,15.05199322,4,63.75,3.227486122,4,22.5,6.123724357,4,13.75,5.951190357,4,36.25,3.227486122,4,8.734000015,0.672000015,47.01548985,0.053800521,2.521245294,1.077868576,0,-0.753660434,-0.6779214,26641.86801,12.59999943,0.27984881,0.402589048
Lanai,19156,"(5,10]",8.836890536,-156.8622966,20.75122506,-156.8610424,20.75192975,6652.6,0.325,0.320156212,4,55,31.09126351,4,8.75,10.30776406,4,36.25,29.26174978,4,45,31.09126351,4,8.734000015,0.672000015,47.01548985,0.056873264,2.521245294,1.020019486,0,-0.884329307,-0.718647473,26656.93566,4,0.229567447,0.041791501
Lanai,19616,"(5,10]",8.544073996,-156.9513391,20.73317463,-156.9511823,20.73361041,9421.9,35,12.41638702,4,66.25,4.787135539,4,17.5,2.886751346,4,16.25,2.5,4,33.75,4.787135539,4,9.920000076,1.909999967,46.15071258,0.052066667,2.568113255,3.318659133,0,-0.389481268,-0.567163517,27085.95332,3.600000143,0.144672864,0.271425481
Lanai,16104,"(5,10]",8.456997591,-156.8327885,20.86855284,-156.8340004,20.86703258,10976.6,90,5,4,60,7.90569415,4,30,5.400617249,4,10,2.886751346,4,40,7.90569415,4,7.820000172,0,47.37291178,0.081933334,2.507547163,11.22348843,0,-0.894850439,-0.733010584,20964.62962,0.600000024,0.119427312,0.164356291
Lanai,16576,"(10,15]",10.22870028,-156.8170596,20.85050241,-156.8159724,20.85018501,3696.3,85,10.60660172,3,85.71333333,7.574729918,3,3.12,0.336452077,3,11.16666667,7.751343969,3,14.28666667,7.574729918,3,7.820000172,0,47.37291178,0.085883334,2.507547163,13.76468812,0,-0.889114904,-0.730760557,17432.0296,0.810571392,0.633086691,0.148555871
Lanai,18455,"(5,10]",9.198229755,-156.8229116,20.7783007,-156.8249864,20.77688642,6451.7,46.66666667,12.58305739,3,64.16666667,3.818813079,3,25.83333333,1.443375673,3,10,2.5,3,35.83333333,3.818813079,3,8.300000191,0.600000024,48.04735968,0.059375,2.514339627,5.373008977,0,-1.007493811,-0.756117265,30394.34157,0.900000036,0.33432841,0.294665011
Lanai,18924,"(5,10]",9.249180577,-156.8351052,20.76025027,-156.8340004,20.76066637,7156.5,30.83333333,5.204164999,3,70.83333333,2.886751346,3,18.33333333,11.81453907,3,10.83333333,10.10362971,3,29.16666667,2.886751346,3,8.300000191,0.600000024,47.79341881,0.056873264,2.514339627,0.865620707,0,-1.007493811,-0.755548089,26723.25919,1.800000072,0.349100283,0.38980517
Lanai,19616,"(10,15]",11.27881998,-156.948812,20.73317463,-156.9511823,20.73392063,7008.8,26.66666667,5.204164999,3,66.66666667,2.886751346,3,20,2.5,3,13.33333333,3.818813079,3,33.33333333,2.886751346,3,9.43999958,0.970000029,46.71706767,0.052066667,2.548113265,4.976252133,0,-0.403547229,-0.571943949,27074.17685,3.600000143,0.937541744,0.38980517
Lanai,19617,"(10,15]",10.33106586,-156.9426863,20.73317463,-156.9421683,20.73471654,6938.4,25,2.5,3,60,8.660254038,3,20.83333333,5.204164999,3,19.16666667,3.818813079,3,40,8.660254038,3,9.43999958,0.970000029,46.71706767,0.052066667,2.548113265,2.880799893,0,-0.422936498,-0.578533552,27074.17685,2.600000143,0.662764943,0.129935057
Lanai,19618,"(5,10]",9.764492068,-156.9363511,20.73317463,-156.9331543,20.73443127,7290.2,10,5,3,54.16666667,7.637626158,3,17.5,5,3,28.33333333,10.40833,3,45.83333333,7.637626158,3,9.43999958,0.970000029,46.71706767,0.051436377,2.548113265,4.976252133,0,-0.404077553,-0.572124186,27069.46508,2.600000143,0.498501524,0.147332505
Lanai,16340,"[0,5]",4.598131677,-156.8268538,20.85952763,-156.8249864,20.85901106,5341.3,63.75,5.303300859,2,35,7.071067812,2,41.25,1.767766953,2,23.75,5.303300859,2,65,7.071067812,2,7.820000172,0,47.37291178,0.081933334,2.507547163,12.99090832,0,-0.858939843,-0.718922993,18186.5443,0.75541469,-0.999351071,0.129935057
Lanai,18690,"(10,15]",10.36589373,-156.8268854,20.76927549,-156.8249864,20.76858618,4241.3,41.25,1.767766953,2,87.5,0,2,6.25,1.767766953,2,6.25,1.767766953,2,12.5,0,2,8.300000191,0.600000024,48.04735968,0.056873264,2.514339627,0.924987508,0,-1.007493811,-0.755807593,29791.25627,1,0.672862383,1
Lanai,18924,"(10,15]",10.66592652,-156.83249,20.76025027,-156.8340004,20.76260172,4335.3,26.25,5.303300859,2,73.75,1.767766953,2,7.5,3.535533906,2,18.75,5.303300859,2,26.25,1.767766953,2,8.300000191,0.600000024,48.04735968,0.056873264,2.514339627,0.980625443,0,-1.007493811,-0.75719869,28089.33273,1.800000072,0.759849134,0.519740226
Lanai,19390,"(5,10]",9.630819933,-156.8723457,20.74219984,-156.8700564,20.74532084,4145.7,1,1.414213562,2,77.5,31.81980515,2,15,21.21320344,2,7.5,10.60660172,2,22.5,31.81980515,2,9.050000191,0.819999993,46.00930443,0.053800521,2.534150825,0.510297053,0,-0.670334155,-0.655045929,26700.80625,12.69999981,0.459746746,0.028874457
Lanai,19615,"(10,15]",10.97843473,-156.9585032,20.73317463,-156.9601963,20.73164482,5183.1,27.5,7.071067812,2,63.75,1.767766953,2,22.5,3.535533906,2,13.75,1.767766953,2,36.25,1.767766953,2,9.920000076,1.909999967,45.29521117,0.052066667,2.568113255,3.364733031,0,-0.381828598,-0.564562695,27095.42391,4.300000191,0.850452807,0.519740226
Lanai,19619,"(5,10]",8.651614981,-156.9208692,20.73317463,-156.9241403,20.73512164,4385.2,37.5,7.071067812,2,65,3.535533906,2,20,0,2,15,3.535533906,2,35,3.535533906,2,9.43999958,0.970000029,46.71706767,0.051436377,2.548113265,2.22829979,0,-0.442767837,-0.585273399,27048.69449,4.699999809,0.175851592,0.259870113
Lanai,16575,"(5,10]",5.9870871,-156.8205166,20.85050241,-156.8249864,20.85407488,1756.1,85,NA,1,81,NA,1,12.5,NA,1,6.5,NA,1,19,NA,1,7.820000172,0,47.37291178,0.085883334,2.507547163,4.231618225,0,-0.850010296,-0.715419968,17432.0296,0.900000036,-0.596659364,0.055967117
Lanai,17517,"(10,15]",14.0208,-156.80301,20.81440156,-156.8069584,20.81291,0,NA,NA,1,63.93,NA,1,6.56,NA,1,29.51,NA,1,36.07,NA,1,8.06000042,0,47.42592791,0.07083,2.507358407,8.563081494,0,-0.900735845,-0.728789394,37916.45636,0.900000036,1.732507943,0.055967117
Lanai,18455,"(10,15]",10.11988552,-156.8208872,20.7783007,-156.8249864,20.78019019,2189.6,22.5,NA,1,57.5,NA,1,27.5,NA,1,15,NA,1,42.5,NA,1,8.300000191,0.600000024,48.04735968,0.059375,2.514339627,7.020661039,0,-1.007493811,-0.757521833,30394.34157,0.900000036,0.601538666,0.055967117
Lanai,18456,"(5,10]",8.837166902,-156.8197491,20.7783007,-156.8159724,20.78166144,1900.4,45,NA,1,75,NA,1,15,NA,1,10,NA,1,25,NA,1,8.300000191,0.600000024,48.04735968,0.059375,2.514339627,7.384998615,0,-1.007493811,-0.758622705,30888.34157,0.900000036,0.229647573,0.055967117
Lanai,18689,"(5,10]",9.594115013,-156.8295967,20.76927549,-156.8340004,20.76516068,2080.9,45,NA,1,67.5,NA,1,12.5,NA,1,20,NA,1,32.5,NA,1,8.300000191,0.600000024,48.04735968,0.056873264,2.514339627,1.556623669,0,-1.007493811,-0.755368877,29791.25627,1.399999976,0.449105103,0.055967117
Lanai,18923,"(10,15]",11.5824,-156.84244,20.76025027,-156.8430144,20.75623,16.85,NA,NA,1,65.42,NA,1,11.21,NA,1,23.36,NA,1,34.58,NA,1,8.300000191,0.600000024,47.01548985,0.056873264,2.514339627,0.904761477,0,-1.007493811,-0.755381303,26735.57978,2.579409461,1.025556919,0.055967117
Lanai,19389,"(10,15]",10.3632,-156.87962,20.74219984,-156.8790704,20.74078,15,NA,NA,1,34.16,NA,1,15.64,NA,1,50.21,NA,1,65.84,NA,1,9.050000191,0.819999993,46.61457516,0.053800521,2.534150825,2.528526426,0,-0.511402326,-0.604090065,26673.91507,44.79999924,0.672081407,0.055967117
Lanai,19621,"(10,15]",10.9728,-156.90825,20.73317463,-156.9061123,20.73451,10,NA,NA,1,82.13,NA,1,5.11,NA,1,12.77,NA,1,17.87,NA,1,9.43999958,0.970000029,46.61457516,0.051436377,2.548113265,8.68937972,0,-0.447077295,-0.586737998,27040.0739,7.199999809,0.848819163,0.055967117
Lanai,19621,"(5,10]",7.759066866,-156.9090598,20.73317463,-156.9061123,20.7358349,2378.6,15,NA,1,45,NA,1,20,NA,1,35,NA,1,55,NA,1,9.43999958,0.970000029,46.61457516,0.051436377,2.548113265,9.48382425,0,-0.463435931,-0.592297608,27040.0739,7.199999809,-0.082919653,0.055967117
Lanai,19622,"(5,10]",9.144,-156.89285,20.73317463,-156.8970983,20.73276,9.7,NA,NA,1,46.43,NA,1,26.79,NA,1,26.79,NA,1,53.57,NA,1,9.050000191,0.819999993,46.61457516,0.05092,2.534150825,9.158369066,0,-0.408449226,-0.573609934,27025.1592,38.20000076,0.318605895,0.055967117
Lanai,15868,"(10,15]",10.48300029,-156.8405412,20.87757805,-156.8430144,20.87505837,2603.4,92.5,NA,1,74,NA,1,20,NA,1,6,NA,1,26,NA,1,7.820000172,0,47.67982344,0.081933334,2.507547163,5.598123626,0,-0.927391441,-0.745776302,23795.3914,0.600000024,0.706814402,0.055967117
Lanai,15868,"(5,10]",9.423047872,-156.838938,20.87757805,-156.8430144,20.87314579,2778.6,92.5,NA,1,67,NA,1,20,NA,1,13,NA,1,33,NA,1,7.820000172,0,47.67982344,0.081933334,2.507547163,5.240950302,0,-0.950026071,-0.754655782,22327.87374,0.600000024,0.399508609,0.055967117
Lanai,16104,"(10,15]",10.33713665,-156.8370376,20.86855284,-156.8340004,20.87155338,2566,92.5,NA,1,78.5,NA,1,17.5,NA,1,4,NA,1,21.5,NA,1,7.820000172,0,47.40580873,0.081933334,2.507547163,9.204733021,0,-0.857077628,-0.718192453,21594.57962,0.5,0.664525012,0.055967117
Maui,18011,"(5,10]",8.36886907,-156.5899246,20.79635113,-156.5906224,20.79533601,19252,30.55555556,23.00739615,9,40.27777778,11.75561332,9,34.16666667,8.291561976,9,25.55555556,4.805234414,9,59.72222222,11.75561332,9,7.429999828,0.460000008,47.07643964,0.0515155,2.510377272,8.980504145,236.3633926,-1.002254709,-0.704323877,38.69705949,16.20000076,0.093876726,0.165795335
Maui,17773,"(5,10]",6.702213283,-156.6172295,20.80537634,-156.6176644,20.80331186,15605.6,41.78571429,23.5280987,7,47.5,12.5,7,34.64285714,8.711650655,7,17.85714286,5.482656638,7,52.5,12.5,7,7.939999962,0.565999991,47.07643964,0.051960834,2.501094336,6.038240177,3158.990014,-0.859783982,-0.383572357,38.38529488,29,-0.38932702,0.137510338
Maui,13770,"(5,10]",7.776694416,-156.6889807,20.95880498,-156.6897764,20.95783358,32269.8,15.02,15.93822449,5,71.64,19.35492185,5,14.24,18.03283117,5,14.12,14.72572579,5,28.36,19.35492185,5,6.71999979,0,46.00127149,0.062388889,2.477547088,6.800508882,1358.851428,0.067647882,-0.084102861,10796.36489,134.3000031,-0.077809001,0.075056779
Maui,17774,"(5,10]",6.487918193,-156.608336,20.80537634,-156.6086504,20.80542283,11738,37.5,17.5,5,41.5,9.617692031,5,34,7.416198487,5,24.5,3.708099244,5,58.5,9.617692031,5,7.939999962,0.565999991,47.07643964,0.051960834,2.501094336,11.74466135,2527.557246,-0.92826421,-0.546287465,39.89117721,33.70000076,-0.45145634,0.151046435
Maui,17775,"(5,10]",6.10529523,-156.5991397,20.80537634,-156.5996364,20.80246152,12051.9,47.02,30.34842665,5,43,11.51086443,5,29.5,3.259601203,5,27.5,12.99038106,5,57,11.51086443,5,7.569999909,0.461499998,47.07643964,0.0515155,2.50384906,3.401624245,790.9211696,-0.9744587,-0.639408268,39.89117721,21.60000038,-0.562387973,0.126204083
Maui,19671,"[0,5]",3.418704979,-156.4585812,20.73317463,-156.4554124,20.73258495,10098.8,19.5,5.419870847,5,53,3.708099244,5,26.5,6.274950199,5,20.5,3.708099244,5,47,3.708099244,5,8.239999771,0.790000021,45.33282384,0.056727778,2.531132104,12.30946165,4376.766777,0.826824206,0.309910307,45.47941269,89.80000305,-1.341295343,0.391768936
Maui,23198,"(5,10]",8.793688758,-156.4360072,20.59779642,-156.4373844,20.59798045,10734.3,16,5.184110338,5,92.5,2.692582404,5,4.8,3.033150178,5,2.7,0.447213595,5,7.5,2.692582404,5,9.25,0,39.64852119,0.052657143,2.524905619,7.096801011,52.1212222,-0.26186139,-0.416129067,29.46176543,11.30000019,0.217042209,0.539525956
Maui,14005,"(5,10]",7.304558037,-156.6930553,20.94977977,-156.6897764,20.95083873,21790.3,48.75,10.50793351,4,85.75,3.329164059,4,9.125,1.973786547,4,5.125,1.652018967,4,14.25,3.329164059,4,6.75,0,46.11266078,0.062388889,2.481320759,8.669610791,419.1251538,0.683626544,0.016810194,10622.75312,127.9000015,-0.214692735,0.390293342
Maui,14240,"(5,10]",5.704260466,-156.6937303,20.94075455,-156.6897764,20.94018482,30216.7,13.375,21.10045418,4,66.25,11.08677891,4,16.875,6.25,4,16.875,7.465197028,4,33.75,11.08677891,4,6.75,0,46.11266078,0.062388889,2.481320759,11.64230062,945.0319083,1.211978848,0.057071473,7668.532482,220.6999969,-0.678657633,0.117198203
Maui,15180,"[0,5]",4.950982616,-156.6871165,20.9046537,-156.6897764,20.90463549,32089.7,13.25,10.31584542,4,37.5,2.886751346,4,33.125,2.393567769,4,29.375,1.25,4,62.5,2.886751346,4,6.75,0,46.23019752,0.058482407,2.481320759,4.500530773,28424.94668,1.747104208,0.094725599,12.33235323,175,-0.897051066,0.450108239
Maui,17774,"(10,15]",11.13196752,-156.6088644,20.80537634,-156.6086504,20.80377043,5476.9,62.5,0,3,52.83666667,7.001073727,3,23.65333333,7.116216223,3,23.51,12.63666491,3,47.16333333,7.001073727,3,7.939999962,0.565999991,47.07643964,0.051960834,2.501094336,12.24150007,2527.557246,-0.92826421,-0.546287465,39.89117721,33.70000076,0.89496567,0.160728289
Maui,18011,"[0,5]",4.365393535,-156.5923554,20.79635113,-156.5906224,20.79872955,7352.7,54.16666667,11.81453907,3,50,2.5,3,30,4.330127019,3,20,2.5,3,50,2.5,3,7.429999828,0.460000008,47.07643964,0.0515155,2.510377272,9.221071023,236.3633926,-1.002554195,-0.708489758,38.69705949,16.20000076,-1.066827477,0.450108239
Maui,22728,"(5,10]",5.964737847,-156.4391301,20.61584685,-156.4373844,20.61713757,6786.6,37.5,5,3,91.16666667,3.175426481,3,5.166666667,2.254624876,3,3.666666667,1.527525232,3,8.833333333,3.175426481,3,9.084000015,0.308000007,39.64852119,0.052657143,2.518716934,2.307560997,1986.683791,1.796872115,0.158056576,34.52647125,36.5,-0.603138952,0.354368336
Maui,22963,"(5,10]",8.266229725,-156.4397865,20.60682163,-156.4373844,20.60333865,7484,9.166666667,3.818813079,3,92.83333333,1.258305739,3,4.166666667,1.258305739,3,3,0,3,7.166666667,1.258305739,3,9.084000015,0.308000007,39.64852119,0.052657143,2.518716934,6.157214634,709.9360078,0.809460269,-0.115662796,34.37941242,16.30000114,0.064119102,0.89427439
Maui,13535,"(5,10]",8.754357808,-156.6876167,20.96783019,-156.6897764,20.96454125,13304.4,1.55,1.343502884,2,63.6,12.30365799,2,30.1,14.14213562,2,6.3,1.838477631,2,36.4,12.30365799,2,6.71999979,0,46.00127149,0.0672,2.477547088,6.045347903,4438.925677,-0.210047725,-0.151773025,11725.00902,79.40000153,0.205639217,0.07467532
Maui,14004,"(5,10]",7.050694392,-156.6944133,20.94977977,-156.6987904,20.9462675,13391.9,18.75,1.767766953,2,71.75,9.545941546,2,15.75,6.01040764,2,12.5,3.535533906,2,28.25,9.545941546,2,6.75,0,46.11266078,0.062388889,2.481320759,13.25758437,419.1251538,0.646891124,-0.006467342,10013.17664,127.9000015,-0.288293934,0.09624819
Maui,14475,"(5,10]",6.700227441,-156.6940133,20.93172934,-156.6897764,20.93311718,15800.8,0.05,0.070710678,2,75,35.35533906,2,25,35.35533906,2,0,0,2,25,35.35533906,2,6.75,0,46.11266078,0.062388889,2.481320759,7.786766137,14785.09406,1.634986665,0.089912106,7000.303058,412.7999878,-0.389902764,0.025987011
Maui,14944,"[0,5]",3.591574447,-156.6966737,20.91367891,-156.6987904,20.91426753,14671,35,3.535533906,2,50,0,2,25,0,2,25,0,2,50,0,2,6.75,0,46.23019752,0.058482407,2.481320759,14.23324364,7418.380302,1.69320303,0.077663965,3568.347118,408.7999878,-1.291176311,1
Maui,14945,"[0,5]",4.398392654,-156.6934966,20.91367891,-156.6897764,20.91114191,14531,31.25,5.303300859,2,40,7.071067812,2,32.5,3.535533906,2,27.5,3.535533906,2,60,7.071067812,2,6.75,0,46.23019752,0.058482407,2.481320759,5.900939562,13354.9154,1.69845066,0.079325072,3568.347118,248.5454395,-1.057260236,0.129935057
Maui,17772,"(5,10]",9.511319928,-156.6239787,20.80537634,-156.6266784,20.80654686,4883.1,43.75,5.303300859,2,38.75,8.838834765,2,35,3.535533906,2,26.25,5.303300859,2,61.25,8.838834765,2,7.939999962,0.565999991,47.07643964,0.051960834,2.501094336,10.73921006,2501.449706,-0.819596239,-0.292764756,38.38529488,29,0.425100809,0.103948045
Maui,17773,"(10,15]",10.51949209,-156.6159768,20.80537634,-156.6176644,20.80224275,5036.8,68.75,8.838834765,2,63.75,1.767766953,2,25,0,2,11.25,1.767766953,2,36.25,1.767766953,2,7.939999962,0.565999991,47.07643964,0.051960834,2.501094336,7.748006931,3158.990014,-0.866125187,-0.398076022,38.38529488,30.27664036,0.717394258,0.519740226
Maui,17773,"[0,5]",4.749442727,-156.6205061,20.80537634,-156.6176644,20.80438049,4618.5,35,0,2,28.75,8.838834765,2,35,7.071067812,2,36.25,1.767766953,2,71.25,8.838834765,2,7.939999962,0.565999991,47.07643964,0.051960834,2.501094336,7.387988446,3131.333063,-0.842521843,-0.344750471,38.38529488,29,-0.955482345,0.103948045
Maui,19200,"(5,10]",8.395623172,-156.4635253,20.75122506,-156.4644264,20.74860509,3846.7,26.3,37.05239533,2,76.25,12.37436867,2,13.75,8.838834765,2,10,3.535533906,2,23.75,12.37436867,2,5.480000019,0,46.07267592,0.055316667,2.481320831,12.1541731,6278.339616,0.146427388,0.225179919,40.39117729,47.26347583,0.101633386,0.074248604
Maui,19435,"(5,10]",6.62317981,-156.4619317,20.74219984,-156.4644264,20.74576416,3897.2,0.05,0.070710678,2,70,42.42640687,2,0,0,2,30,42.42640687,2,30,42.42640687,2,8.239999771,0.790000021,45.33282384,0.055316667,2.531132104,4.325369629,6902.110213,0.113422979,0.14320011,44.27941267,117.3000031,-0.412240732,0.021655843
Maui,19436,"[0,5]",3.436172193,-156.4595928,20.74219984,-156.4554124,20.73972496,3849.6,18.75,5.303300859,2,48.75,5.303300859,2,35,7.071067812,2,16.25,1.767766953,2,51.25,5.303300859,2,8.239999771,0.790000021,45.33282384,0.055316667,2.531132104,4.470133437,6902.110213,0.29181061,0.26726316,44.27941267,117.3000031,-1.336231176,0.173246742
Maui,19906,"[0,5]",4.588731247,-156.4549281,20.72414942,-156.4554124,20.72752499,4065.3,14.5,7.778174593,2,60,7.071067812,2,25,7.071067812,2,15,0,2,40,7.071067812,2,8.239999771,0.790000021,45.17388955,0.056727778,2.531132104,3.7934536,3049.885716,1.15356222,0.138147152,43.94705968,74.80000305,-1.002076483,0.129935057
Maui,22493,"(5,10]",5.80677063,-156.441165,20.62487206,-156.4373844,20.62158244,4787.9,21.25,8.838834765,2,91,0,2,5,0,2,4,0,2,9,0,2,9.084000015,0.308000007,39.64852119,0.052657143,2.518716934,2.15700091,3448.185992,2.757505997,0.427991016,39.21176548,103,-0.648937462,1
Maui,23199,"(5,10]",8.131504993,-156.4315621,20.59779642,-156.4283704,20.59541111,3547.4,12.5,0,2,98,0,2,1,0,2,1,0,2,2,0,2,9.25,0,39.64852119,0.052657143,2.524905619,1.926752193,124.9860801,-0.221327932,-0.402960911,29.46176543,11.30000019,0.02505915,1
Maui,14004,"(10,15]",10.3632,-156.69955,20.94977977,-156.6987904,20.94925,15,NA,NA,1,56.38,NA,1,10.07,NA,1,33.56,NA,1,43.62,NA,1,6.75,0,46.11266078,0.062388889,2.481320759,5.154094878,254.6479187,-0.061589843,-0.351735934,10013.17664,130.1171044,0.672081407,0.055967117
Maui,14474,"(5,10]",6.209533484,-156.6951183,20.93172934,-156.6987904,20.92988071,8094,0,NA,1,100,NA,1,0,NA,1,0,NA,1,0,NA,1,6.75,0,46.11266078,0.062388889,2.481320759,6.190519576,7154.455162,1.612551638,0.080175336,7315.161888,412.7999878,-0.532166788,0.055967117
Maui,14944,"(10,15]",10.3632,-156.69501,20.91367891,-156.6987904,20.91035,15,NA,NA,1,46.19,NA,1,15.74,NA,1,38.07,NA,1,53.81,NA,1,6.75,0,46.23019752,0.058482407,2.481320759,7.931547738,7418.380302,1.761663743,0.099334222,3568.347118,408.7999878,0.672081407,0.055967117
Maui,14944,"(5,10]",9.7536,-156.69682,20.91367891,-156.6987904,20.91294,20,NA,NA,1,44.75,NA,1,11.28,NA,1,43.97,NA,1,55.25,NA,1,6.75,0,45.8995508,0.056699219,2.481320759,14.23324364,7418.380302,1.69320303,0.077663965,3568.347118,408.7999878,0.495343651,0.055967117
Maui,14945,"(5,10]",8.619008491,-156.6916792,20.91367891,-156.6897764,20.90921045,6631.5,5,NA,1,65,NA,1,20,NA,1,15,NA,1,35,NA,1,6.75,0,46.23019752,0.058482407,2.481320759,0.848798967,13354.9154,1.734981566,0.090888369,439.1235373,213.2257841,0.166398183,0.055967117
Maui,15180,"(5,10]",6.34914065,-156.6901313,20.9046537,-156.6897764,20.90900809,6171.9,1.5,NA,1,70,NA,1,15,NA,1,15,NA,1,30,NA,1,6.75,0,46.23019752,0.058482407,2.481320759,1.126310541,20643.78849,1.544233002,0.030509867,12.33235323,175,-0.4916913,0.055967117
Maui,15650,"(10,15]",10.3632,-156.69002,20.88660327,-156.6897764,20.88515,15,NA,NA,1,33.67,NA,1,17.09,NA,1,49.25,NA,1,66.33,NA,1,7.099999905,0,46.23019752,0.055133148,2.482075637,2.375922442,14683.3823,1.220144775,-0.016804429,17.25588268,331.7000122,0.672081407,0.055967117
Maui,15650,"(5,10]",9.7536,-156.69148,20.88660327,-156.6897764,20.88262,16,NA,NA,1,48.15,NA,1,18.52,NA,1,33.33,NA,1,51.85,NA,1,7.099999905,0,45.8995508,0.053496511,2.482075637,2.694946879,14683.3823,1.123469193,-0.060661217,17.25588268,331.7000122,0.495343651,0.055967117
Maui,17537,"(5,10]",9.4488,-156.63087,20.81440156,-156.6266784,20.81472,15,NA,NA,1,35.42,NA,1,10.42,NA,1,54.17,NA,1,64.58,NA,1,7.939999962,0.565999991,47.26592756,0.050500001,2.501094336,4.706306893,2347.040956,-0.785828017,-0.213081627,35.98235371,24.39999962,0.406974773,0.055967117
Maui,17775,"[0,5]",4.859377157,-156.5997932,20.80537634,-156.5996364,20.80298887,2382,65,NA,1,57.5,NA,1,25,NA,1,17.5,NA,1,42.5,NA,1,7.569999909,0.461499998,47.07643964,0.0515155,2.50384906,3.668449156,790.9211696,-0.968687812,-0.626583855,39.89117721,21.60000038,-0.9236097,0.055967117
Maui,18010,"(5,10]",8.715623181,-156.5968112,20.79635113,-156.5996364,20.80073609,2772,37.5,NA,1,30,NA,1,50,NA,1,20,NA,1,70,NA,1,7.429999828,0.460000008,47.07643964,0.0515155,2.510377272,7.558367115,46.50476397,-1.003471855,-0.727180816,39.89117721,18.20287236,0.194409114,0.055967117
Maui,18011,"(10,15]",10.32448304,-156.5864472,20.79635113,-156.5906224,20.79207378,1293,15,NA,1,30,NA,1,45,NA,1,25,NA,1,70,NA,1,7.429999828,0.460000008,47.07643964,0.0515155,2.510377272,1.399025087,324.4321276,-1.002104384,-0.702232844,38.69705949,17.10000038,0.660856426,0.055967117
Maui,19670,"(5,10]",8.8392,-156.46085,20.73317463,-156.4644264,20.73229,15,NA,NA,1,62.73,NA,1,11.52,NA,1,25.76,NA,1,37.27,NA,1,8.239999771,0.790000021,45.33282384,0.056727778,2.531132104,13.79346583,2890.563161,0.396941156,0.096360095,45.47941269,89.80000305,0.230237017,0.055967117
Maui,19670,"[0,5]",3.37500006,-156.4599677,20.73317463,-156.4644264,20.73539758,2012.9,25,NA,1,52.5,NA,1,32.5,NA,1,15,NA,1,47.5,NA,1,8.239999771,0.790000021,45.33282384,0.056727778,2.531132104,5.957369389,2890.563161,0.565889206,0.185582388,45.47941269,89.80000305,-1.353966454,0.055967117
Maui,20142,"(5,10]",9.144,-156.44888,20.7151242,-156.4463984,20.71268,11.3,NA,NA,1,47.62,NA,1,19.73,NA,1,32.65,NA,1,52.38,NA,1,7.370000045,0.526666681,45.17388955,0.056022222,2.504968607,2.057391621,21185.40897,2.704520115,0.460557637,44.71764782,184.5999908,0.318605895,0.055967117
Oahu,248,"[0,5]",0.9144,-157.833687,21.47324218,-157.8345542,21.47651608,900,50.93384615,26.12187766,13,43.703,14.30198203,13,39.67,11.60430811,13,17.48153846,13.21002135,13,57.15153846,12.49187659,13,4.130000114,0.769999981,42.85553852,0.073533334,2.400377346,3.124585869,19048.71326,-0.932545197,-0.470705504,231708.3828,24.89999962,-2.067353811,0.187516866
Oahu,2376,"[0,5]",2.4384,-157.7149238,21.39201525,-157.7173722,21.39355615,130,36.19473077,13.71333833,13,48.34532615,15.86538839,13,16.17900462,8.925865893,13,25.09665077,16.01615008,13,41.27538462,20.38028484,13,5.389999866,0.150000006,44.85910611,0.0638,2.439622591,0.315641327,381.2008333,0.346596887,2.199942763,181334.8908,193.6000061,-1.625509421,0.114936448
Oahu,249,"[0,5]",1.2192,-157.82486,21.47324218,-157.8255402,21.47630583,17331.4,74.25532669,15.17285081,12,55.04223095,20.96337747,12,33.69661175,15.66473314,12,11.26467664,10.35729963,12,44.96166667,19.98694794,12,4.130000114,0.769999981,42.98074616,0.073533334,2.400377346,2.364580997,1067.470367,-0.993716512,-0.720859316,241280.2359,20.79999924,-1.978984933,0.112600543
Oahu,484,"[0,5]",0.6096,-157.8230298,21.46421696,-157.8255402,21.460476,19014.8,71.53555801,23.48900263,12,49.44134,21.00370326,12,40.67454545,13.15008165,12,12.39377167,8.606934319,12,49.67916667,20.25596409,12,4.130000114,0.769999981,42.6783385,0.073533334,2.400377346,2.851123286,2837.351038,-0.777507102,-0.30398491,245548.0918,27.70000076,-2.155722689,0.111105114
Oahu,1193,"[0,5]",0.9144,-157.7912696,21.43714132,-157.7894842,21.435575,700,51.30636364,19.2351539,11,41.274,18.28307001,11,35.86818182,15.45830703,11,19.79181818,15.10328429,11,55.66,20.10590709,11,4.239999771,0.600000024,43.28796643,0.073681819,2.409622552,3.622695777,2533.350873,0.095760789,0.561825945,231580.4886,84,-2.067353811,0.10716896
Oahu,722,"[0,5]",0.9144,-157.8004111,21.45519175,-157.7984982,21.45235222,246.5914,73.33910681,14.44520142,9,58.22384734,10.03337577,9,32.56738801,10.66770005,9,6.011414355,7.535329931,9,38.82,12.87158887,9,4.130000114,0.769999981,44.63606708,0.072375758,2.400377346,4.332369522,1367.094683,-0.870963313,-0.607289031,231387.0122,19.70000076,-2.067353811,0.151420766
Oahu,1428,"[0,5]",0.9144,-157.7902622,21.42811611,-157.7894842,21.42789,420,36.11111111,18.50300276,9,59.83333333,31.73273809,9,21.44444444,19.59662669,9,26.55555556,22.31653597,9,48.02666667,28.33088024,9,4.239999771,0.600000024,43.7667837,0.072768182,2.409622552,2.859106569,3359.468872,1.601294769,2.389100955,231580.4886,99.09999847,-2.067353811,0.068795104
Oahu,4702,"[0,5]",3.325523868,-157.9344862,21.30176311,-157.9337082,21.30175537,9776.6,4.42,2.243211983,5,79.1,5.236888389,5,19,4.541475531,5,1.9,0.894427191,5,20.9,5.236888389,5,5.496666749,1.156666666,44.74130541,0.058913333,2.504088072,1.151649934,50.98639849,1.795394176,3.608470526,27007.05037,9.5,-1.368310796,0.277401004
Oahu,4939,"(5,10]",5.840833471,-157.9148601,21.2927379,-157.9156802,21.2948528,12020.5,30,8.477912479,5,88.28,4.197261012,5,11.5,4.183300133,5,0.22,0.258843582,5,11.72,4.197261012,5,5.550000191,1.25999999,44.74130541,0.058394537,2.510377416,0.413125345,0,-0.504312131,0.01012669,27012.27979,1.200000048,-0.639061822,0.346110974
Oahu,4701,"(5,10]",6.696696595,-157.9443607,21.30176311,-157.9427222,21.30254607,8268.9,12,8.072587359,4,86.25,2.986078811,4,13.25,2.986078811,4,0.5,0,4,13.75,2.986078811,4,5.496666749,1.156666666,44.74130541,0.058913333,2.504088072,1.774890656,0,1.609566432,3.748584087,27007.05037,5.099999905,-0.390926441,0.435136059
Oahu,5181,"(5,10]",5.308363204,-157.8523214,21.28371268,-157.8525822,21.28374506,7603.9,8.125,2.393567769,4,77.75,1.707825128,4,20.25,2.061552813,4,2,0.577350269,4,22.25,1.707825128,4,5.389999866,0.469999999,45.06329677,0.058716666,2.500188648,1.02735062,3813.213366,-0.393681196,3.72273864,26959.4739,300.1000061,-0.793437806,0.760821787
Oahu,5433,"[0,5]",0.9144,-157.6957438,21.27468747,-157.6993442,21.2717455,400,33.8975,13.7925617,4,NA,NA,4,18.9175,5.805522515,4,45.2025,13.55673603,4,64.12,16.07190717,4,6.590000153,0,49.33501535,0.055290909,2.489433936,0.180560328,923.4644087,-0.017958177,0.990342858,144576.1726,305.8999939,-2.067353811,0.080846072
Oahu,5892,"(5,10]",5.590442438,-157.7982838,21.25663704,-157.7984982,21.25301153,9292.8,3,1.354006401,4,78,7.626707459,4,19.375,5.153882032,4,2.625,2.839454173,4,22,7.626707459,4,5.369999886,0,44.75870571,0.056263889,2.470566084,0.177397646,22659.27112,-0.357282463,2.467279751,53037.44492,307.6999817,-0.711656227,0.170368481
Oahu,5893,"(5,10]",6.459341801,-157.7905861,21.25663704,-157.7894842,21.25519631,9267.5,3.875,1.31497782,4,76.75,4.55521679,4,20.375,0.75,4,2.875,4.75,4,23.25,4.55521679,4,5.369999886,0,44.51126225,0.056263889,2.470566084,0.537076374,22123.98633,-0.378142888,1.955091096,43860.02713,142.3999939,-0.459741326,0.285244507
Oahu,13,"[0,5]",0.9144,-157.8340733,21.48226739,-157.8345542,21.48122667,300,10,10,3,NA,NA,3,23.33333333,15.27525232,3,53.33333333,25.16611478,3,76.66666667,11.54700538,3,4.130000114,0.769999981,43.64601568,0.072375758,2.400377346,1.929467992,9245.241475,-0.886756266,-0.283456308,231708.3828,20.80000114,-2.067353811,0.097451292
Oahu,4703,"(5,10]",5.257400121,-157.925017,21.30176311,-157.9246942,21.29782366,6416.3,25,9.013878189,3,81.33333333,2.753785274,3,17.5,2.5,3,1.166666667,1.607275127,3,18.66666667,2.753785274,3,5.496666749,1.156666666,44.74130541,0.058913333,2.504088072,0.250684799,656.7102624,1.800776071,3.616891566,27002.95037,9.400000572,-0.808213234,0.408626849
Oahu,5668,"[0,5]",0.9144,-157.6968787,21.26566226,-157.6993442,21.26908433,300,36.55,17.7159448,3,NA,NA,3,15.65,4.16068504,3,45.44333333,19.51053391,3,61.09666667,18.59202607,3,6.590000153,0,49.33501535,0.055290909,2.489433936,4.712097983,181.8775392,-0.01826317,0.98979807,24641.52384,247.2324209,-2.067353811,0.060524366
Oahu,489,"[0,5]",0.9144,-157.77996,21.46421696,-157.7804702,21.46101,200,72.5,3.535533906,2,NA,NA,2,7.5,3.535533906,2,10,0,2,17.5,3.535533906,2,4.239999771,0.610000014,44.07959645,0.073160606,2.410943301,1.745147898,0,-0.324562786,0.098517553,231387.0122,6,-2.067353811,0.259870113
Oahu,956,"[0,5]",0.9144,-157.808815,21.44616654,-157.8075122,21.447355,200,55,21.21320344,2,NA,NA,2,15,7.071067812,2,30,14.14213562,2,45,21.21320344,2,4.110000134,0.75999999,43.7134254,0.072768182,2.399811259,1.592176367,3976.796797,0.715413577,1.476679477,231387.0122,27.70000076,-2.067353811,0.043311686
Oahu,1192,"[0,5]",1.3716,-157.7982,21.43714132,-157.7984982,21.4339,27.6012,52.46582312,6.590504622,2,20.93069103,1.176606946,2,28.29591951,3.023796373,2,50.77338946,4.200403325,2,79.07,1.173797257,2,4.239999771,0,47.39763346,0.072902273,2.409622552,5.67915691,3384.065974,0.042937021,0.497713447,231580.4886,100.6999969,-1.934800494,0.782741304
Oahu,1430,"[0,5]",0.9144,-157.770425,21.42811611,-157.7714562,21.427935,200,7.5,3.535533906,2,NA,NA,2,15,7.071067812,2,60,14.14213562,2,75,7.071067812,2,4.239999771,0.600000024,43.73589531,0.072768182,2.409622552,0.927319533,513.378216,0.808961393,1.621541569,217668.4237,19.70000076,-2.067353811,0.129935057
Oahu,5180,"(5,10]",5.115541099,-157.8588983,21.28371268,-157.8615962,21.28736113,4562.8,8.75,1.767766953,2,82.5,0.707106781,2,15.5,0,2,2,0.707106781,2,17.5,0.707106781,2,5.389999866,0.469999999,45.06329677,0.058716666,2.500188648,0.105501503,2474.532876,-0.632813111,2.032759106,26955.88273,300.1000061,-0.849341589,1
Oahu,5182,"(5,10]",6.528989325,-157.8466189,21.28371268,-157.8435682,21.28052788,5412.4,15,0,2,80.25,3.181980515,2,18.75,1.767766953,2,1,1.414213562,2,19.75,3.181980515,2,5.070000172,0.150000006,45.06329677,0.058716666,2.471131991,0.478715396,4502.161273,-0.295404009,4.410277511,26959.4739,947.4000244,-0.439548827,0.28874457
Oahu,251,"[0,5]",0.9144,-157.80656,21.47324218,-157.8075122,21.47409,100,89,NA,1,NA,NA,1,5,NA,1,5,NA,1,10,NA,1,4.130000114,0.769999981,43.41466408,0.072375758,2.400377346,0.278144649,0,-0.999326126,-0.7670638,245548.0918,8.399999619,-2.067353811,0.055967117
Oahu,485,"[0,5]",0.9144,-157.81608,21.46421696,-157.8165262,21.46227,100,89,NA,1,NA,NA,1,5,NA,1,5,NA,1,10,NA,1,4.130000114,0.769999981,43.41466408,0.072375758,2.400377346,5.964156808,2248.199008,-0.757940638,-0.355239333,245548.0918,18.39999962,-2.067353811,0.055967117
Oahu,486,"[0,5]",0.9144,-157.8097,21.46421696,-157.8075122,21.46063,1855,54.96834946,NA,1,97.77181244,NA,1,1.854758024,NA,1,0.332241803,NA,1,2.19,NA,1,4.130000114,0.769999981,41.54423885,0.073460607,2.400377346,2.361331432,1438.990018,-0.787511781,-0.471436477,245548.0918,12,-2.067353811,0.055967117
Oahu,957,"[0,5]",0.9144,-157.79416,21.44616654,-157.7984982,21.44595,100,85,NA,1,NA,NA,1,5,NA,1,5,NA,1,10,NA,1,4.239999771,0.600000024,43.7134254,0.072768182,2.409622552,7.507668865,292.4934253,-0.800281132,-0.525704994,231580.4886,24.5,-2.067353811,0.055967117
Oahu,959,"[0,5]",0.9144,-157.78204,21.44616654,-157.7804702,21.45067,100,90,NA,1,NA,NA,1,5,NA,1,5,NA,1,10,NA,1,4.239999771,0.600000024,43.73589531,0.072768182,2.409622552,1.277107979,10.8424574,1.191179167,1.891341206,231580.4886,12.74318927,-2.067353811,0.055967117
Oahu,1191,"[0,5]",0.9144,-157.80513,21.43714132,-157.8075122,21.44037,100,30,NA,1,NA,NA,1,25,NA,1,40,NA,1,65,NA,1,4.110000134,0.75999999,43.7134254,0.072768182,2.399811259,3.45356293,2654.212759,1.056196697,1.767220611,231387.0122,86.90000153,-2.067353811,0.055967117
Oahu,4701,"[0,5]",4.380045547,-157.9397066,21.30176311,-157.9427222,21.30296025,1903.9,7.5,NA,1,92,NA,1,7.5,NA,1,0.5,NA,1,8,NA,1,5.496666749,1.156666666,44.74130541,0.058913333,2.504088072,4.922253313,0,1.753326601,3.635171644,27007.05037,5.099999905,-1.062579505,0.055967117
Oahu,4703,"[0,5]",4.975684323,-157.928193,21.30176311,-157.9246942,21.29914673,2187.7,45,NA,1,75,NA,1,25,NA,1,0,NA,1,25,NA,1,5.496666749,1.156666666,44.74130541,0.058913333,2.504088072,0.736997811,656.7102624,1.798977281,3.614077004,27011.76214,9.412974272,-0.889889445,0.055967117
Oahu,4938,"(5,10]",5.569727404,-157.9212742,21.2927379,-157.9246942,21.29643965,2217.5,27.5,NA,1,86.5,NA,1,12.5,NA,1,1,NA,1,13.5,NA,1,5.550000191,1.25999999,44.74130541,0.058394537,2.510377416,0.057844522,0,-0.512793853,-0.00314464,27002.95037,1,-0.717662015,0.055967117
Oahu,5181,"[0,5]",4.754950925,-157.8541421,21.28371268,-157.8525822,21.28522532,2258.6,6.5,NA,1,82,NA,1,18,NA,1,0,NA,1,18,NA,1,5.389999866,0.469999999,45.06329677,0.058716666,2.500188648,2.611479657,3813.213366,-0.509661846,2.89831114,26959.4739,300.1000061,-0.953885386,0.055967117
Oahu,5417,"[0,5]",4.387058916,-157.8434441,21.27468747,-157.8435682,21.27826182,2292.6,10,NA,1,81,NA,1,15.5,NA,1,3.5,NA,1,19,NA,1,5.070000172,0.150000006,45.06329677,0.058716666,2.471131991,0.037945158,1553.01114,-0.656463575,1.780007306,26961.92096,298.8999939,-1.06054616,0.055967117
Oahu,5434,"[0,5]",0.9144,-157.694822,21.27468747,-157.6903302,21.272623,100,32.17,NA,1,NA,NA,1,25.22,NA,1,40.87,NA,1,66.09,NA,1,6.590000153,0,49.33501535,0.055290909,2.489433936,0.379945494,923.4644087,-0.017807617,0.990611792,140249.9344,305.8999939,-2.067353811,0.055967117
Oahu,5893,"[0,5]",4.939174023,-157.788637,21.25663704,-157.7894842,21.25681619,2245.1,6.5,NA,1,81,NA,1,17.5,NA,1,1.5,NA,1,19,NA,1,5.369999886,0,44.51126225,0.056263889,2.470566084,0.243355085,20921.51099,-0.418950924,1.73092595,38976.56529,142.3999939,-0.900474662,0.055967117
Oahu,6126,"(5,10]",5.361837333,-157.8032971,21.24761183,-157.8075122,21.2518701,2146.8,2,NA,1,86,NA,1,12.5,NA,1,1.5,NA,1,14,NA,1,5.980000019,0.300000012,45.00251401,0.057688241,2.494528357,0.145898513,14407.1098,-0.699612349,0.681139853,49519.91545,73.88846585,-0.777934365,0.055967117
